Olimpia,Latour,olatour0@army.mil,Genderfluid
Ethelda,Rumsey,erumsey1@webnode.com,Bigender
Deane,Nisuis,dnisuis2@woothemes.com,Bigender
Basilio,Nudd,bnudd3@mtv.com,Bigender
Simone,Blake,sblake4@wikimedia.org,Non-binary
Angie,Sproat,asproat5@soundcloud.com,Agender
Wilmette,Rodway,wrodway6@mashable.com,Genderqueer
Morganne,Lugg,mlugg7@miitbeian.gov.cn,Genderfluid
Glenna,Trouncer,gtrouncer8@dropbox.com,Male
Walsh,Docharty,wdocharty9@google.pl,Bigender
Carolus,Briamo,cbriamoa@youtube.com,Male
Sharyl,Yelyashev,syelyashevb@php.net,Polygender
Leda,Antczak,lantczakc@sitemeter.com,Male
Chico,Gurko,cgurkod@typepad.com,Female
Roderich,Murrells,rmurrellse@list-manage.com,Female
Davine,Bettley,dbettleyf@yellowbook.com,Female
Lynn,Aizikovitch,laizikovitchg@amazon.de,Polygender
Demetra,Carrane,dcarraneh@tinypic.com,Female
Hetty,Ebi,hebii@hc360.com,Male
Theobald,Brimm,tbrimmj@blogs.com,Genderfluid
